,Name,Stage,Generation,Type1,Legendary/Mythical,Final Score
0,Bulbasaur,0.0,1.0,Grass,N,4.5
1,Ivysaur,1.0,1.0,Grass,N,4.3
2,Venusaur,2.0,1.0,Grass,N,2.4
3,Charmander,0.0,1.0,Fire,N,4
4,Charmeleon,1.0,1.0,Fire,N,2.6
5,Charizard,2.0,1.0,Fire,N,4.4
6,Squirtle,0.0,1.0,Water,N,3.38
7,Wartortle,1.0,1.0,Water,N,3.6
8,Blastoise,2.0,1.0,Water,N,3.5
9,Caterpie,0.0,1.0,Bug,N,3.88
10,Metapod,1.0,1.0,Bug,N,3.1
11,Butterfree,2.0,1.0,Bug,N,3.8
12,Weedle,0.0,1.0,Bug,N,1.25
13,Kakuna,1.0,1.0,Bug,N,2.5
14,Beedrill,2.0,1.0,Bug,N,2.2
15,Pidgey,0.0,1.0,Normal,N,3
16,Pidgeotto,1.0,1.0,Normal,N,2.7
17,Pidgeot,2.0,1.0,Normal,N,2.5
18,Rattata,0.0,1.0,Normal,N,1.5
19,Raticate,1.0,1.0,Normal,N,0.9
20,Spearow,0.0,1.0,Normal,N,1.25
21,Fearow,1.0,1.0,Normal,N,1.4
22,Ekans,0.0,1.0,Poison,N,3
23,Arbok,1.0,1.0,Poison,N,3.6
24,Pikachu,1.0,1.0,Electric,N,4.63
25,Raichu,2.0,1.0,Electric,N,3.7
26,Sandshrew,0.0,1.0,Ground,N,3.13
27,Sandslash,1.0,1.0,Ground,N,2.6
28,Nidoran♀,0.0,1.0,Poison,N,2.25
29,Nidorina,1.0,1.0,Poison,N,2
30,Nidoqueen,2.0,1.0,Poison,N,3.3
31,Nidoran♂,0.0,1.0,Poison,N,3.75
32,Nidorino,1.0,1.0,Poison,N,3.1
33,Nidoking,2.0,1.0,Poison,N,4.1
34,Clefairy,0.0,1.0,Fairy,N,4.4
35,Clefable,1.0,1.0,Fairy,N,3
36,Vulpix,0.0,1.0,Fire,N,4.63
37,Ninetales,1.0,1.0,Fire,N,4.58
38,Jigglypuff,1.0,1.0,Normal,N,3.5
39,Wigglytuff,2.0,1.0,Normal,N,3.4
40,Zubat,0.0,1.0,Poison,N,2.25
41,Golbat,1.0,1.0,Poison,N,2.4
42,Oddish,0.0,1.0,Grass,N,4.25
43,Gloom,1.0,1.0,Grass,N,1.4
44,Vileplume,2.0,1.0,Grass,N,3.8
45,Paras,0.0,1.0,Bug,N,1
46,Parasect,1.0,1.0,Bug,N,1.8
47,Venonat,0.0,1.0,Bug,N,2.38
48,Venomoth,1.0,1.0,Bug,N,2.2
49,Diglett,0.0,1.0,Ground,N,2.88
50,Dugtrio,1.0,1.0,Ground,N,2.2
51,Meowth,0.0,1.0,Normal,N,3.5
52,Persian,1.0,1.0,Normal,N,3.4
53,Psyduck,0.0,1.0,Water,N,2.88
54,Golduck,1.0,1.0,Water,N,3.4
55,Mankey,0.0,1.0,Fighting,N,0.88
56,Primeape,1.0,1.0,Fighting,N,0.8
57,Growlithe,0.0,1.0,Fire,N,5
58,Arcanine,1.0,1.0,Fire,N,5
59,Poliwag,0.0,1.0,Water,N,3.75
60,Poliwhirl,1.0,1.0,Water,N,4.2
61,Poliwrath,2.0,1.0,Water,N,3.5
62,Abra,0.0,1.0,Psychic,N,3
63,Kadabra,1.0,1.0,Psychic,N,2
64,Alakazam,2.0,1.0,Psychic,N,2.6
65,Machop,0.0,1.0,Fighting,N,2.5
66,Machoke,1.0,1.0,Fighting,N,3.6
67,Machamp,2.0,1.0,Fighting,N,3.2
68,Bellsprout,0.0,1.0,Grass,N,2.5
69,Weepinbell,1.0,1.0,Grass,N,1.6
70,Victreebel,2.0,1.0,Grass,N,2.6
71,Tentacool,0.0,1.0,Water,N,1.75
72,Tentacruel,1.0,1.0,Water,N,3
73,Geodude,0.0,1.0,Rock,N,2.5
74,Graveler,1.0,1.0,Rock,N,2.6
75,Golem,2.0,1.0,Rock,N,1.2
76,Ponyta,0.0,1.0,Fire,N,3.5
77,Rapidash,1.0,1.0,Fire,N,3.5
78,Slowpoke,0.0,1.0,Water,N,3
79,Slowbro,1.0,1.0,Water,N,3.2
80,Magnemite,0.0,1.0,Electric,N,2.5
81,Magneton,1.0,1.0,Electric,N,2.4
82,Farfetch'd,0.0,1.0,Normal,N,2.75
83,Doduo,0.0,1.0,Normal,N,3.75
84,Dodrio,1.0,1.0,Normal,N,3.6
85,Seel,0.0,1.0,Water,N,4
86,Dewgong,1.0,1.0,Water,N,4.5
87,Grimer,0.0,1.0,Poison,N,2.5
88,Muk,1.0,1.0,Poison,N,1.3
89,Shellder,0.0,1.0,Water,N,2
90,Cloyster,1.0,1.0,Water,N,1.6
91,Gastly,0.0,1.0,Ghost,N,2.5
92,Haunter,1.0,1.0,Ghost,N,3.8
93,Gengar,2.0,1.0,Ghost,N,3.8
94,Onix,0.0,1.0,Rock,N,3.13
95,Drowzee,0.0,1.0,Psychic,N,1
96,Hypno,1.0,1.0,Psychic,N,0.8
97,Krabby,0.0,1.0,Water,N,2.13
98,Kingler,1.0,1.0,Water,N,1.5
99,Voltorb,0.0,1.0,Electric,N,2
100,Electrode,1.0,1.0,Electric,N,2.1
101,Exeggcute,0.0,1.0,Grass,N,1
102,Exeggutor,1.0,1.0,Grass,N,0.9
103,Cubone,0.0,1.0,Ground,N,5
104,Marowak,1.0,1.0,Ground,N,4
105,Hitmonlee,1.0,1.0,Fighting,N,2.25
106,Hitmonchan,1.0,1.0,Fighting,N,3.13
107,Lickitung,0.0,1.0,Normal,N,3.25
108,Koffing,0.0,1.0,Poison,N,1.63
109,Weezing,1.0,1.0,Poison,N,1.63
110,Rhyhorn,0.0,1.0,Ground,N,4
111,Rhydon,1.0,1.0,Ground,N,3.4
112,Chansey,1.0,1.0,Normal,N,2.75
113,Tangela,0.0,1.0,Grass,N,3.38
114,Kangaskhan,0.0,1.0,Normal,N,4.38
115,Horsea,0.0,1.0,Water,N,4.25
116,Seadra,1.0,1.0,Water,N,3.75
117,Goldeen,0.0,1.0,Water,N,2.25
118,Seaking,1.0,1.0,Water,N,3.1
119,Staryu,0.0,1.0,Water,N,2.88
120,Starmie,1.0,1.0,Water,N,2.9
121,Mr. Mime,1.0,1.0,Psychic,N,1
122,Scyther,0.0,1.0,Bug,N,3.25
123,Jynx,1.0,1.0,Ice,N,0.88
124,Electabuzz,1.0,1.0,Electric,N,1
125,Magmar,1.0,1.0,Fire,N,1
126,Pinsir,0.0,1.0,Bug,N,0.88
127,Tauros,0.0,1.0,Normal,N,3.13
128,Magikarp,0.0,1.0,Water,N,4
129,Gyarados,1.0,1.0,Water,N,4.8
130,Lapras,0.0,1.0,Water,N,5
131,Ditto,0.0,1.0,Normal,N,3.5
132,Eevee,0.0,1.0,Normal,N,4.8
133,Vaporeon,1.0,1.0,Water,N,4.25
134,Jolteon,1.0,1.0,Electric,N,5
135,Flareon,1.0,1.0,Fire,N,2.9
136,Porygon,0.0,1.0,Normal,N,2.75
137,Omanyte,0.0,1.0,Rock,N,4
138,Omastar,1.0,1.0,Rock,N,1.4
139,Kabuto,0.0,1.0,Rock,N,1.88
140,Kabutops,1.0,1.0,Rock,N,1.6
141,Aerodactyl,0.0,1.0,Rock,N,3.13
142,Snorlax,1.0,1.0,Normal,N,3.25
143,Articuno,0.0,1.0,Ice,Y,4
144,Zapdos,0.0,1.0,Electric,Y,4.25
145,Moltres,0.0,1.0,Fire,Y,1.75
146,Dratini,0.0,1.0,Dragon,N,4
147,Dragonair,1.0,1.0,Dragon,N,4.2
148,Dragonite,2.0,1.0,Dragon,N,3.7
149,Mewtwo,0.0,1.0,Psychic,Y,4
150,Mew,0.0,1.0,Psychic,Y,4.3
151,Chikorita,0.0,2.0,Grass,N,3.25
152,Bayleef,1.0,2.0,Grass,N,3.6
153,Meganium,2.0,2.0,Grass,N,3.6
154,Cyndaquil,0.0,2.0,Fire,N,4.75
155,Quilava,1.0,2.0,Fire,N,4.8
156,Typhlosion,2.0,2.0,Fire,N,5
157,Totodile,0.0,2.0,Water,N,4
158,Croconaw,1.0,2.0,Water,N,2.5
159,Feraligatr,2.0,2.0,Water,N,3.7
160,Sentret,0.0,2.0,Normal,N,4.25
161,Furret,1.0,2.0,Normal,N,4.4
162,Hoothoot,0.0,2.0,Normal,N,2
163,Noctowl,1.0,2.0,Normal,N,2.7
164,Ledyba,0.0,2.0,Bug,N,3.5
165,Ledian,1.0,2.0,Bug,N,2.6
166,Spinarak,0.0,2.0,Bug,N,2
167,Ariados,1.0,2.0,Bug,N,1.6
168,Crobat,2.0,2.0,Poison,N,3.6
169,Chinchou,0.0,2.0,Water,N,3.75
170,Lanturn,1.0,2.0,Water,N,3.25
171,Pichu,0.0,2.0,Electric,N,4.6
172,Cleffa,0.0,2.0,Fairy,N,3.38
173,Igglybuff,0.0,2.0,Normal,N,2.9
174,Togepi,0.0,2.0,Fairy,N,4.75
175,Togetic,1.0,2.0,Fairy,N,4
176,Natu,0.0,2.0,Psychic,N,2.63
177,Xatu,1.0,2.0,Psychic,N,2.3
178,Mareep,0.0,2.0,Electric,N,4
179,Flaaffy,1.0,2.0,Electric,N,3.6
180,Ampharos,2.0,2.0,Electric,N,3.7
181,Bellossom,2.0,2.0,Grass,N,3.6
182,Marill,1.0,2.0,Water,N,3.75
183,Azumarill,2.0,2.0,Water,N,3.6
184,Sudowoodo,1.0,2.0,Rock,N,3.25
185,Politoed,2.0,2.0,Water,N,3.5
186,Hoppip,0.0,2.0,Grass,N,3.25
187,Skiploom,1.0,2.0,Grass,N,3.5
188,Jumpluff,2.0,2.0,Grass,N,2.4
189,Aipom,0.0,2.0,Normal,N,2.75
190,Sunkern,0.0,2.0,Grass,N,2.5
191,Sunflora,1.0,2.0,Grass,N,2
192,Yanma,1.0,2.0,Bug,N,1.75
193,Wooper,0.0,2.0,Water,N,4.5
194,Quagsire,1.0,2.0,Water,N,4.38
195,Espeon,1.0,2.0,Psychic,N,3
196,Umbreon,1.0,2.0,Dark,N,4.25
197,Murkrow,0.0,2.0,Dark,N,2.5
198,Slowking,1.0,2.0,Water,N,1.2
199,Misdreavus,0.0,2.0,Ghost,N,3.25
200,Unown,0.0,2.0,Psychic,N,2.3
201,Wobbuffet,1.0,2.0,Psychic,N,2.8
202,Girafarig,0.0,2.0,Normal,N,3.25
203,Pineco,0.0,2.0,Bug,N,1
204,Forretress,1.0,2.0,Bug,N,1.8
205,Dunsparce,1.0,2.0,Normal,N,2.75
206,Gligar,0.0,2.0,Ground,N,3.25
207,Steelix,1.0,2.0,Steel,N,2.6
208,Snubbull,0.0,2.0,Fairy,N,2.75
209,Granbull,1.0,2.0,Fairy,N,1.8
210,Qwilfish,0.0,2.0,Water,N,1
211,Scizor,1.0,2.0,Bug,N,3.8
212,Shuckle,0.0,2.0,Bug,N,3.75
213,Heracross,0.0,2.0,Bug,N,4
214,Sneasel,0.0,2.0,Dark,N,3.5
215,Teddiursa,0.0,2.0,Normal,N,3.75
216,Ursaring,1.0,2.0,Normal,N,3.25
217,Slugma,0.0,2.0,Fire,N,2.75
218,Magcargo,1.0,2.0,Fire,N,2.9
219,Swinub,0.0,2.0,Ice,N,1.38
220,Piloswine,1.0,2.0,Ice,N,1.6
221,Corsola,0.0,2.0,Water,N,3.75
222,Remoraid,0.0,2.0,Water,N,2.25
223,Octillery,1.0,2.0,Water,N,2
224,Delibird,0.0,2.0,Ice,N,2
225,Mantine,1.0,2.0,Water,N,4.5
226,Skarmory,0.0,2.0,Steel,N,1.88
227,Houndour,0.0,2.0,Dark,N,4.25
228,Houndoom,1.0,2.0,Dark,N,3.4
229,Kingdra,2.0,2.0,Water,N,3.25
230,Phanpy,0.0,2.0,Ground,N,3.63
231,Donphan,1.0,2.0,Ground,N,3.25
232,Porygon2,1.0,2.0,Normal,N,3.1
233,Stantler,0.0,2.0,Normal,N,1.25
234,Smeargle,0.0,2.0,Normal,N,1
235,Tyrogue,0.0,2.0,Fighting,N,2.2
236,Hitmontop,1.0,2.0,Fighting,N,2.88
237,Smoochum,0.0,2.0,Ice,N,1.8
238,Elekid,0.0,2.0,Electric,N,2.6
239,Magby,0.0,2.0,Fire,N,3.4
240,Miltank,0.0,2.0,Normal,N,1.5
241,Blissey,2.0,2.0,Normal,N,3.4
242,Raikou,0.0,2.0,Electric,Y,5
243,Entei,0.0,2.0,Fire,Y,4.4
244,Suicune,0.0,2.0,Water,Y,4.6
245,Larvitar,0.0,2.0,Rock,N,2.75
246,Pupitar,1.0,2.0,Rock,N,1.8
247,Tyranitar,2.0,2.0,Rock,N,3.6
248,Lugia,0.0,2.0,Psychic,Y,4.6
249,Ho-oh,0.0,2.0,Fire,Y,3.8
250,Celebi,0.0,2.0,Psychic,Y,3.8
251,Treecko,0.0,3.0,Grass,N,3.63
252,Grovyle,1.0,3.0,Grass,N,3.7
253,Sceptile,2.0,3.0,Grass,N,4
254,Torchic,0.0,3.0,Fire,N,4.63
255,Combusken,1.0,3.0,Fire,N,2.6
256,Blaziken,2.0,3.0,Fire,N,3.8
257,Mudkip,0.0,3.0,Water,N,5
258,Marshtomp,1.0,3.0,Water,N,4.3
259,Swampert,2.0,3.0,Water,N,5
260,Poochyena,0.0,3.0,Dark,N,4.25
261,Mightyena,1.0,3.0,Dark,N,3.2
262,Zigzagoon,0.0,3.0,Normal,N,4.5
263,Linoone,1.0,3.0,Normal,N,2.6
264,Wurmple,0.0,3.0,Bug,N,3.5
265,Silcoon,1.0,3.0,Bug,N,2.6
266,Beautifly,2.0,3.0,Bug,N,4
267,Cascoon,1.0,3.0,Bug,N,2.6
268,Dustox,2.0,3.0,Bug,N,2.6
269,Lotad,0.0,3.0,Water,N,3.25
270,Lombre,1.0,3.0,Water,N,1.8
271,Ludicolo,2.0,3.0,Water,N,2.4
272,Seedot,0.0,3.0,Grass,N,2.25
273,Nuzleaf,1.0,3.0,Grass,N,1.6
274,Shiftry,2.0,3.0,Grass,N,0.9
275,Taillow,0.0,3.0,Normal,N,3.25
276,Swellow,1.0,3.0,Normal,N,3.3
277,Wingull,0.0,3.0,Water,N,4
278,Pelipper,1.0,3.0,Water,N,3
279,Ralts,0.0,3.0,Psychic,N,4.25
280,Kirlia,1.0,3.0,Psychic,N,4.4
281,Gardevoir,2.0,3.0,Psychic,N,4
282,Surskit,0.0,3.0,Bug,N,2.5
283,Masquerain,1.0,3.0,Bug,N,2.5
284,Shroomish,0.0,3.0,Grass,N,2
285,Breloom,1.0,3.0,Grass,N,2.4
286,Slakoth,0.0,3.0,Normal,N,2.5
287,Vigoroth,1.0,3.0,Normal,N,1.75
288,Slaking,2.0,3.0,Normal,N,0.9
289,Nincada,0.0,3.0,Bug,N,2.75
290,Ninjask,1.0,3.0,Bug,N,3
291,Shedinja,1.0,3.0,Bug,N,3.2
292,Whismur,0.0,3.0,Normal,N,2.75
293,Loudred,1.0,3.0,Normal,N,0.9
294,Exploud,2.0,3.0,Normal,N,1.2
295,Makuhita,0.0,3.0,Fighting,N,1.5
296,Hariyama,1.0,3.0,Fighting,N,1
297,Azurill,0.0,3.0,Normal,N,4.1
298,Nosepass,0.0,3.0,Rock,N,1.63
299,Skitty,0.0,3.0,Normal,N,4.75
300,Delcatty,1.0,3.0,Normal,N,4
301,Sableye,0.0,3.0,Dark,N,3.25
302,Mawile,0.0,3.0,Steel,N,3.5
303,Aron,0.0,3.0,Steel,N,4.63
304,Lairon,1.0,3.0,Steel,N,4.7
305,Aggron,2.0,3.0,Steel,N,4.3
306,Meditite,0.0,3.0,Fighting,N,3.25
307,Medicham,1.0,3.0,Fighting,N,1.1
308,Electrike,0.0,3.0,Electric,N,4.5
309,Manectric,1.0,3.0,Electric,N,2.8
310,Plusle,0.0,3.0,Electric,N,4
311,Minun,0.0,3.0,Electric,N,4
312,Volbeat,0.0,3.0,Bug,N,1.25
313,Illumise,0.0,3.0,Bug,N,1.5
314,Roselia,1.0,3.0,Grass,N,4
315,Gulpin,0.0,3.0,Poison,N,2
316,Swalot,1.0,3.0,Poison,N,2
317,Carvanha,0.0,3.0,Water,N,2.63
318,Sharpedo,1.0,3.0,Water,N,4.4
319,Wailmer,0.0,3.0,Water,N,3.75
320,Wailord,1.0,3.0,Water,N,3.9
321,Numel,0.0,3.0,Fire,N,1.75
322,Camerupt,1.0,3.0,Fire,N,1.5
323,Torkoal,0.0,3.0,Fire,N,3.25
324,Spoink,0.0,3.0,Psychic,N,3.75
325,Grumpig,1.0,3.0,Psychic,N,1.3
326,Spinda,0.0,3.0,Normal,N,3.38
327,Trapinch,0.0,3.0,Ground,N,3.75
328,Vibrava,1.0,3.0,Ground,N,3.25
329,Flygon,2.0,3.0,Ground,N,3.8
330,Cacnea,0.0,3.0,Grass,N,2.75
331,Cacturne,1.0,3.0,Grass,N,1.5
332,Swablu,0.0,3.0,Normal,N,4.25
333,Altaria,1.0,3.0,Dragon,N,4.3
334,Zangoose,0.0,3.0,Normal,N,1.75
335,Seviper,0.0,3.0,Poison,N,3.13
336,Lunatone,0.0,3.0,Rock,N,3
337,Solrock,0.0,3.0,Rock,N,3
338,Barboach,0.0,3.0,Water,N,3.75
339,Whiscash,1.0,3.0,Water,N,2.6
340,Corphish,0.0,3.0,Water,N,3.5
341,Crawdaunt,1.0,3.0,Water,N,3
342,Baltoy,0.0,3.0,Ground,N,1.75
343,Claydol,1.0,3.0,Ground,N,1.1
344,Lileep,0.0,3.0,Rock,N,2.5
345,Cradily,1.0,3.0,Rock,N,2.8
346,Anorith,0.0,3.0,Rock,N,2.5
347,Armaldo,1.0,3.0,Rock,N,3.2
348,Feebas,0.0,3.0,Water,N,2.25
349,Milotic,1.0,3.0,Water,N,4
350,Castform,0.0,3.0,Normal,N,3
351,Kecleon,0.0,3.0,Normal,N,2.25
352,Shuppet,0.0,3.0,Ghost,N,2.5
353,Banette,1.0,3.0,Ghost,N,3.2
354,Duskull,0.0,3.0,Ghost,N,2.25
355,Dusclops,1.0,3.0,Ghost,N,1.75
356,Tropius,0.0,3.0,Grass,N,4.25
357,Chimecho,1.0,3.0,Psychic,N,3.75
358,Absol,0.0,3.0,Dark,N,3.25
359,Wynaut,0.0,3.0,Psychic,N,3.25
360,Snorunt,0.0,3.0,Ice,N,3.5
361,Glalie,1.0,3.0,Ice,N,1.6
362,Spheal,0.0,3.0,Ice,N,5
363,Sealeo,1.0,3.0,Ice,N,3.8
364,Walrein,2.0,3.0,Ice,N,2
365,Clamperl,0.0,3.0,Water,N,3
366,Huntail,1.0,3.0,Water,N,1.8
367,Gorebyss,1.0,3.0,Water,N,2.8
368,Relicanth,0.0,3.0,Water,N,3.4
369,Luvdisc,0.0,3.0,Water,N,3.5
370,Bagon,0.0,3.0,Dragon,N,3.5
371,Shelgon,1.0,3.0,Dragon,N,2.6
372,Salamence,2.0,3.0,Dragon,N,3.8
373,Beldum,0.0,3.0,Steel,N,2.38
374,Metang,1.0,3.0,Steel,N,2.6
375,Metagross,2.0,3.0,Steel,N,4
376,Regirock,0.0,3.0,Rock,Y,3.3
377,Regice,0.0,3.0,Ice,Y,3.7
378,Registeel,0.0,3.0,Steel,Y,3.6
379,Latias,0.0,3.0,Dragon,Y,4
380,Latios,0.0,3.0,Dragon,Y,3.8
381,Kyogre,0.0,3.0,Water,Y,4.6
382,Groudon,0.0,3.0,Ground,Y,4.1
383,Rayquaza,0.0,3.0,Dragon,Y,4.8
384,Jirachi,0.0,3.0,Steel,Y,4.8
385,Deoxys,0.0,3.0,Psychic,Y,4.2
386,Turtwig,0.0,4.0,Grass,N,5
387,Grotle,1.0,4.0,Grass,N,4.25
388,Torterra,2.0,4.0,Grass,N,4.4
389,Chimchar,0.0,4.0,Fire,N,3
390,Monferno,1.0,4.0,Fire,N,2.4
391,Infernape,2.0,4.0,Fire,N,3.4
392,Piplup,0.0,4.0,Water,N,4.75
393,Prinplup,1.0,4.0,Water,N,3.6
394,Empoleon,2.0,4.0,Water,N,3.6
395,Starly,0.0,4.0,Normal,N,3.88
396,Staravia,1.0,4.0,Normal,N,3.2
397,Staraptor,2.0,4.0,Normal,N,4.1
398,Bidoof,0.0,4.0,Normal,N,3.75
399,Bibarel,1.0,4.0,Normal,N,3
400,Kricketot,0.0,4.0,Bug,N,2.5
401,Kricketune,1.0,4.0,Bug,N,1.3
402,Shinx,0.0,4.0,Electric,N,5
403,Luxio,1.0,4.0,Electric,N,5
404,Luxray,2.0,4.0,Electric,N,5
405,Budew,0.0,4.0,Grass,N,4.3
406,Roserade,2.0,4.0,Grass,N,3.25
407,Cranidos,0.0,4.0,Rock,N,3.5
408,Rampardos,1.0,4.0,Rock,N,3.2
409,Shieldon,0.0,4.0,Rock,N,4.25
410,Bastiodon,1.0,4.0,Rock,N,3.9
411,Burmy,0.0,4.0,Bug,N,2
412,Wormadam,1.0,4.0,Bug,N,2.25
413,Mothim,1.0,4.0,Bug,N,3.8
414,Combee,0.0,4.0,Bug,N,4
415,Vespiquen,1.0,4.0,Bug,N,3
416,Pachirisu,0.0,4.0,Electric,N,3.75
417,Buizel,0.0,4.0,Water,N,4
418,Floatzel,1.0,4.0,Water,N,3.75
419,Cherubi,0.0,4.0,Grass,N,2.88
420,Cherrim,1.0,4.0,Grass,N,2.75
421,Shellos,0.0,4.0,Water,N,3
422,Gastrodon,1.0,4.0,Water,N,4.1
423,Ambipom,1.0,4.0,Normal,N,2.25
424,Drifloon,0.0,4.0,Ghost,N,3.3
425,Drifblim,1.0,4.0,Ghost,N,3
426,Buneary,0.0,4.0,Normal,N,3.5
427,Lopunny,1.0,4.0,Normal,N,3.2
428,Mismagius,1.0,4.0,Ghost,N,2.4
429,Honchkrow,1.0,4.0,Dark,N,2.2
430,Glameow,0.0,4.0,Normal,N,3
431,Purugly,1.0,4.0,Normal,N,1.8
432,Chingling,0.0,4.0,Psychic,N,3.75
433,Stunky,0.0,4.0,Poison,N,1.5
434,Skuntank,1.0,4.0,Poison,N,1.2
435,Bronzor,0.0,4.0,Steel,N,2.5
436,Bronzong,1.0,4.0,Steel,N,2.25
437,Bonsly,0.0,4.0,Rock,N,3.25
438,Mime Jr.,0.0,4.0,Psychic,N,3.6
439,Happiny,0.0,4.0,Normal,N,2.88
440,Chatot,0.0,4.0,Normal,N,2.5
441,Spiritomb,0.0,4.0,Ghost,N,2.2
442,Gible,0.0,4.0,Dragon,N,3.63
443,Gabite,1.0,4.0,Dragon,N,3
444,Garchomp,2.0,4.0,Dragon,N,4
446,Munchlax,0.0,4.0,Normal,N,3.5
447,Riolu,0.0,4.0,Fighting,N,4.25
448,Lucario,1.0,4.0,Fighting,N,4.5
449,Hippopotas,0.0,4.0,Ground,N,2.5
450,Hippowdon,1.0,4.0,Ground,N,2
451,Skorupi,0.0,4.0,Poison,N,3.13
452,Drapion,1.0,4.0,Poison,N,1.5
453,Croagunk,0.0,4.0,Poison,N,3.13
454,Toxicroak,1.0,4.0,Poison,N,1.6
455,Carnivine,0.0,4.0,Grass,N,2.63
456,Finneon,0.0,4.0,Water,N,2.75
457,Lumineon,1.0,4.0,Water,N,2.3
458,Mantyke,0.0,4.0,Water,N,4
459,Snover,0.0,4.0,Grass,N,4
460,Abomasnow,1.0,4.0,Grass,N,3.2
461,Weavile,1.0,4.0,Dark,N,3.4
462,Magnezone,2.0,4.0,Electric,N,3.2
463,Lickilicky,1.0,4.0,Normal,N,2.8
464,Rhyperior,2.0,4.0,Ground,N,1.5
465,Tangrowth,1.0,4.0,Grass,N,2.5
466,Electivire,2.0,4.0,Electric,N,3.6
467,Magmortar,2.0,4.0,Fire,N,2.6
468,Togekiss,2.0,4.0,Fairy,N,4.6
469,Yanmega,1.0,4.0,Bug,N,2
470,Leafeon,1.0,4.0,Grass,N,4.38
471,Glaceon,1.0,4.0,Ice,N,4.38
472,Gliscor,1.0,4.0,Ground,N,3.6
473,Mamoswine,2.0,4.0,Ice,N,1.6
474,Porygon-Z,2.0,4.0,Normal,N,2.8
475,Gallade,2.0,4.0,Psychic,N,3.8
476,Probopass,1.0,4.0,Rock,N,1.8
477,Dusknoir,2.0,4.0,Ghost,N,2.9
478,Froslass,1.0,4.0,Ice,N,3.2
479,Rotom,0.0,4.0,Electric,N,4
480,Uxie,0.0,4.0,Psychic,Y,4.2
481,Mesprit,0.0,4.0,Psychic,Y,4.2
482,Azelf,0.0,4.0,Psychic,Y,4.6
483,Dialga,0.0,4.0,Steel,Y,4.8
484,Palkia,0.0,4.0,Water,Y,3.2
485,Heatran,0.0,4.0,Fire,Y,2.67
486,Regigigas,0.0,4.0,Normal,Y,4
487,Giratina,0.0,4.0,Ghost,Y,4.4
488,Cresselia,0.0,4.0,Psychic,Y,3
489,Phione,0.0,4.0,Water,Y,4
490,Manaphy,0.0,4.0,Water,Y,4
491,Darkrai,0.0,4.0,Dark,Y,3.8
492,Shaymin,0.0,4.0,Grass,Y,4.6
493,Arceus,0.0,4.0,Normal,Y,4.5
494,Victini,0.0,5.0,Psychic,Y,3.7
495,Snivy,0.0,5.0,Grass,N,4.25
496,Servine,1.0,5.0,Grass,N,4.13
497,Serperior,2.0,5.0,Grass,N,4.13
498,Tepig,0.0,5.0,Fire,N,3
499,Pignite,1.0,5.0,Fire,N,2.2
500,Emboar,2.0,5.0,Fire,N,1.8
501,Oshawott,0.0,5.0,Water,N,5
502,Dewott,1.0,5.0,Water,N,5
503,Samurott,2.0,5.0,Water,N,5
504,Patrat,0.0,5.0,Normal,N,2
505,Watchog,1.0,5.0,Normal,N,1.5
506,Lillipup,0.0,5.0,Normal,N,5
507,Herdier,1.0,5.0,Normal,N,5
508,Stoutland,2.0,5.0,Normal,N,5
509,Purrloin,0.0,5.0,Dark,N,3.75
510,Liepard,1.0,5.0,Dark,N,3.3
511,Pansage,0.0,5.0,Grass,N,3.75
512,Simisage,1.0,5.0,Grass,N,2.6
513,Pansear,0.0,5.0,Fire,N,3.5
514,Simisear,1.0,5.0,Fire,N,2.6
515,Panpour,0.0,5.0,Water,N,3.5
516,Simipour,1.0,5.0,Water,N,2.6
517,Munna,0.0,5.0,Psychic,N,3.25
518,Musharna,1.0,5.0,Psychic,N,2.8
519,Pidove,0.0,5.0,Normal,N,3.5
520,Tranquill,1.0,5.0,Normal,N,2.6
521,Unfezant,2.0,5.0,Normal,N,2.6
522,Blitzle,0.0,5.0,Electric,N,3.88
523,Zebstrika,1.0,5.0,Electric,N,3.9
524,Roggenrola,0.0,5.0,Rock,N,3.5
525,Boldore,1.0,5.0,Rock,N,3.2
526,Gigalith,2.0,5.0,Rock,N,3.4
527,Woobat,0.0,5.0,Psychic,N,2.5
528,Swoobat,1.0,5.0,Psychic,N,1.8
529,Drilbur,0.0,5.0,Ground,N,3.25
530,Excadrill,1.0,5.0,Ground,N,3.3
531,Audino,0.0,5.0,Normal,N,3.75
532,Timburr,0.0,5.0,Fighting,N,2.5
533,Gurdurr,1.0,5.0,Fighting,N,1
534,Conkeldurr,2.0,5.0,Fighting,N,1
535,Tympole,0.0,5.0,Water,N,2
536,Palpitoad,1.0,5.0,Water,N,1.2
537,Seismitoad,2.0,5.0,Water,N,1.4
538,Throh,0.0,5.0,Fighting,N,2.75
539,Sawk,0.0,5.0,Fighting,N,3
540,Sewaddle,0.0,5.0,Bug,N,4
541,Swadloon,1.0,5.0,Bug,N,4
542,Leavanny,2.0,5.0,Bug,N,4
543,Venipede,0.0,5.0,Bug,N,3.63
544,Whirlipede,1.0,5.0,Bug,N,3.9
545,Scolipede,2.0,5.0,Bug,N,4.1
546,Cottonee,0.0,5.0,Grass,N,3.13
547,Whimsicott,1.0,5.0,Grass,N,3.4
548,Petilil,0.0,5.0,Grass,N,3.75
549,Lilligant,1.0,5.0,Grass,N,3.8
550,Basculin,0.0,5.0,Water,N,2.5
551,Sandile,0.0,5.0,Ground,N,4.5
552,Krokorok,1.0,5.0,Ground,N,4
553,Krookodile,2.0,5.0,Ground,N,4
554,Darumaka,0.0,5.0,Fire,N,3
555,Darmanitan,1.0,5.0,Fire,N,2
556,Maractus,0.0,5.0,Grass,N,3.75
557,Dwebble,0.0,5.0,Bug,N,3.75
558,Crustle,1.0,5.0,Bug,N,3.6
559,Scraggy,0.0,5.0,Dark,N,2.38
560,Scrafty,1.0,5.0,Dark,N,2.5
561,Sigilyph,0.0,5.0,Psychic,N,1.75
562,Yamask,0.0,5.0,Ghost,N,3.8
563,Cofagrigus,1.0,5.0,Ghost,N,2.75
564,Tirtouga,0.0,5.0,Water,N,3.5
565,Carracosta,1.0,5.0,Water,N,3.8
566,Archen,0.0,5.0,Rock,N,4.13
567,Archeops,1.0,5.0,Rock,N,4
568,Trubbish,0.0,5.0,Poison,N,1.75
569,Garbodor,1.0,5.0,Poison,N,1
570,Zorua,0.0,5.0,Dark,N,5
571,Zoroark,1.0,5.0,Dark,N,3.6
572,Minccino,0.0,5.0,Normal,N,3.75
573,Cinccino,1.0,5.0,Normal,N,3.4
574,Gothita,0.0,5.0,Psychic,N,2.88
575,Gothorita,1.0,5.0,Psychic,N,3.8
576,Gothitelle,2.0,5.0,Psychic,N,3.6
577,Solosis,0.0,5.0,Psychic,N,3.38
578,Duosion,1.0,5.0,Psychic,N,3.5
579,Reuniclus,2.0,5.0,Psychic,N,3.8
580,Ducklett,0.0,5.0,Water,N,2.75
581,Swanna,1.0,5.0,Water,N,2.2
582,Vanillite,0.0,5.0,Ice,N,3
583,Vanillish,1.0,5.0,Ice,N,2.7
584,Vanilluxe,2.0,5.0,Ice,N,2.8
585,Deerling,0.0,5.0,Normal,N,4.13
586,Sawsbuck,1.0,5.0,Normal,N,4.4
587,Emolga,0.0,5.0,Electric,N,3.75
588,Karrablast,0.0,5.0,Bug,N,2
589,Escavalier,1.0,5.0,Bug,N,2.2
590,Foongus,0.0,5.0,Grass,N,4.25
591,Amoonguss,1.0,5.0,Grass,N,1.8
592,Frillish,0.0,5.0,Water,N,3.5
593,Jellicent,1.0,5.0,Water,N,1.8
594,Alomomola,0.0,5.0,Water,N,3.5
595,Joltik,0.0,5.0,Bug,N,4.63
596,Galvantula,1.0,5.0,Bug,N,3.6
597,Ferroseed,0.0,5.0,Grass,N,1
598,Ferrothorn,1.0,5.0,Grass,N,1.2
599,Klink,0.0,5.0,Steel,N,3
600,Klang,1.0,5.0,Steel,N,3.3
601,Klinklang,2.0,5.0,Steel,N,3.3
602,Tynamo,0.0,5.0,Electric,N,3.38
603,Eelektrik,1.0,5.0,Electric,N,2.6
604,Eelektross,2.0,5.0,Electric,N,3.6
605,Elgyem,0.0,5.0,Psychic,N,3.75
606,Beheeyem,1.0,5.0,Psychic,N,2.8
607,Litwick,0.0,5.0,Ghost,N,4
608,Lampent,1.0,5.0,Ghost,N,4.4
609,Chandelure,2.0,5.0,Ghost,N,3.6
610,Axew,0.0,5.0,Dragon,N,4.5
611,Fraxure,1.0,5.0,Dragon,N,4.3
612,Haxorus,2.0,5.0,Dragon,N,3.8
613,Cubchoo,0.0,5.0,Ice,N,3.75
614,Beartic,1.0,5.0,Ice,N,2.1
615,Cryogonal,0.0,5.0,Ice,N,2.5
616,Shelmet,0.0,5.0,Bug,N,2.25
617,Accelgor,1.0,5.0,Bug,N,1.4
618,Stunfisk,0.0,5.0,Ground,N,2.75
619,Mienfoo,0.0,5.0,Fighting,N,3.5
620,Mienshao,1.0,5.0,Fighting,N,3.5
621,Druddigon,0.0,5.0,Dragon,N,3.75
622,Golett,0.0,5.0,Ground,N,3.88
623,Golurk,1.0,5.0,Ground,N,3.8
624,Pawniard,0.0,5.0,Dark,N,3
625,Bisharp,1.0,5.0,Dark,N,3.2
626,Bouffalant,0.0,5.0,Normal,N,3.25
627,Rufflet,0.0,5.0,Normal,N,3.38
628,Braviary,1.0,5.0,Normal,N,3.8
629,Vullaby,0.0,5.0,Dark,N,1
630,Mandibuzz,1.0,5.0,Dark,N,1.4
631,Heatmor,0.0,5.0,Fire,N,2.25
632,Durant,0.0,5.0,Bug,N,2.25
633,Deino,0.0,5.0,Dark,N,3.5
634,Zweilous,1.0,5.0,Dark,N,3.8
635,Hydreigon,2.0,5.0,Dark,N,3.6
636,Larvesta,0.0,5.0,Bug,N,2.75
637,Volcarona,1.0,5.0,Bug,N,2.8
638,Cobalion,0.0,5.0,Steel,Y,3.7
639,Terrakion,0.0,5.0,Rock,Y,3.5
640,Virizion,0.0,5.0,Grass,Y,3.8
641,Tornadus,0.0,5.0,Flying,Y,3.7
642,Thundurus,0.0,5.0,Electric,Y,3.4
643,Reshiram,0.0,5.0,Dragon,Y,4.8
644,Zekrom,0.0,5.0,Dragon,Y,4.4
645,Landorus,0.0,5.0,Ground,Y,3.4
646,Kyurem,0.0,5.0,Dragon,Y,4
647,Keldeo,0.0,5.0,Water,Y,3.8
649,Meloetta,0.0,5.0,Normal,Y,4.1
650,Genesect,0.0,5.0,Bug,Y,4
651,Chespin,0.0,6.0,Grass,N,3.25
652,Quilladin,1.0,6.0,Grass,N,2.1
653,Chesnaught,2.0,6.0,Grass,N,2.6
654,Fennekin,0.0,6.0,Fire,N,4.5
655,Braixen,1.0,6.0,Fire,N,3.6
656,Delphox,2.0,6.0,Fire,N,3.6
657,Froakie,0.0,6.0,Water,N,4.5
658,Frogadier,1.0,6.0,Water,N,3.6
659,Greninja,2.0,6.0,Water,N,4.6
660,Bunnelby,0.0,6.0,Normal,N,3.5
661,Diggersby,1.0,6.0,Normal,N,1.8
662,Fletchling,0.0,6.0,Normal,N,4.63
663,Fletchinder,1.0,6.0,Fire,N,4.7
664,Talonflame,2.0,6.0,Fire,N,4.8
665,Scatterbug,0.0,6.0,Bug,N,2.75
666,Spewpa,1.0,6.0,Bug,N,4
667,Vivillon,2.0,6.0,Bug,N,4.2
668,Litleo,0.0,6.0,Fire,N,3.5
669,Pyroar,1.0,6.0,Fire,N,3.5
670,Flabébé,0.0,6.0,Fairy,N,4.25
671,Floette,1.0,6.0,Fairy,N,4.3
672,Florges,2.0,6.0,Fairy,N,3.2
673,Skiddo,0.0,6.0,Grass,N,4.25
674,Gogoat,1.0,6.0,Grass,N,4.1
675,Pancham,0.0,6.0,Fighting,N,3.25
676,Pangoro,1.0,6.0,Fighting,N,3.2
677,Furfrou,0.0,6.0,Normal,N,4
678,Espurr,0.0,6.0,Psychic,N,4
679,Meowstic,1.0,6.0,Psychic,N,3.88
680,Honedge,0.0,6.0,Steel,N,3.13
681,Doublade,1.0,6.0,Steel,N,3.2
682,Aegislash,2.0,6.0,Steel,N,3
683,Spritzee,0.0,6.0,Fairy,N,3.63
684,Aromatisse,1.0,6.0,Fairy,N,2
685,Swirlix,0.0,6.0,Fairy,N,3.38
686,Slurpuff,1.0,6.0,Fairy,N,3
687,Inkay,0.0,6.0,Dark,N,3
688,Malamar,1.0,6.0,Dark,N,2.2
689,Binacle,0.0,6.0,Rock,N,1
690,Barbaracle,1.0,6.0,Rock,N,1.13
691,Skrelp,0.0,6.0,Poison,N,3.25
692,Dragalge,1.0,6.0,Poison,N,4
693,Clauncher,0.0,6.0,Water,N,2.5
694,Clawitzer,1.0,6.0,Water,N,2.2
695,Helioptile,0.0,6.0,Electric,N,4
696,Heliolisk,1.0,6.0,Electric,N,4
697,Tyrunt,0.0,6.0,Rock,N,4.25
698,Tyrantrum,1.0,6.0,Rock,N,5
699,Amaura,0.0,6.0,Rock,N,4.13
700,Aurorus,1.0,6.0,Rock,N,4.6
701,Sylveon,1.0,6.0,Fairy,N,4
702,Hawlucha,0.0,6.0,Fighting,N,3
703,Dedenne,0.0,6.0,Electric,N,3.5
704,Carbink,0.0,6.0,Rock,N,3.8
705,Goomy,0.0,6.0,Dragon,N,3.25
706,Sliggoo,1.0,6.0,Dragon,N,3.4
707,Goodra,2.0,6.0,Dragon,N,3.4
708,Klefki,0.0,6.0,Steel,N,3.75
709,Phantump,0.0,6.0,Ghost,N,3.5
710,Trevenant,1.0,6.0,Ghost,N,3
711,Pumpkaboo,0.0,6.0,Ghost,N,4
712,Gourgeist,1.0,6.0,Ghost,N,2.2
713,Bergmite,0.0,6.0,Ice,N,3.63
714,Avalugg,1.0,6.0,Ice,N,3.63
715,Noibat,0.0,6.0,Flying,N,4
716,Noivern,1.0,6.0,Flying,N,4.1
717,Xerneas,0.0,6.0,Fairy,Y,4.7
718,Yveltal,0.0,6.0,Dark,Y,4.2
719,Zygarde,0.0,6.0,Dragon,Y,4.2
720,Diancie,0.0,6.0,Rock,Y,4.1
721,Hoopa,0.0,6.0,Psychic,Y,4.2
722,Volcanion,0.0,6.0,Fire,Y,3.25
723,Rowlet,0.0,7.0,Grass,N,4.75
724,Dartrix,1.0,7.0,Grass,N,2.6
725,Decidueye,2.0,7.0,Grass,N,4.8
726,Litten,0.0,7.0,Fire,N,3.25
727,Torracat,1.0,7.0,Fire,N,3.4
728,Incineroar,2.0,7.0,Fire,N,3.6
729,Popplio,0.0,7.0,Water,N,4
730,Brionne,1.0,7.0,Water,N,4
731,Primarina,2.0,7.0,Water,N,3.8
732,Pikipek,0.0,7.0,Normal,N,4.38
733,Trumbeak,1.0,7.0,Normal,N,4.25
734,Toucannon,2.0,7.0,Normal,N,4.25
735,Yungoos,0.0,7.0,Normal,N,2.5
736,Gumshoos,1.0,7.0,Normal,N,2
737,Grubbin,0.0,7.0,Bug,N,1.75
738,Charjabug,1.0,7.0,Bug,N,1.8
739,Vikavolt,2.0,7.0,Bug,N,1
740,Crabrawler,0.0,7.0,Fighting,N,1.63
741,Crabominable,1.0,7.0,Fighting,N,1
742,Oricorio,0.0,7.0,Fire,N,3.5
743,Cutiefly,0.0,7.0,Bug,N,4.25
744,Ribombee,1.0,7.0,Bug,N,3.4
745,Rockruff,0.0,7.0,Rock,N,5
746,Lycanroc,1.0,7.0,Rock,N,5
747,Wishiwashi,0.0,7.0,Water,N,3
748,Mareanie,0.0,7.0,Poison,N,2.75
749,Toxapex,1.0,7.0,Poison,N,1.6
750,Mudbray,0.0,7.0,Ground,N,3.5
751,Mudsdale,1.0,7.0,Ground,N,3.5
752,Dewpider,0.0,7.0,Water,N,1.5
753,Araquanid,1.0,7.0,Water,N,1.6
754,Fomantis,0.0,7.0,Grass,N,3.75
755,Lurantis,1.0,7.0,Grass,N,3.4
756,Morelull,0.0,7.0,Grass,N,4.5
757,Shiinotic,1.0,7.0,Grass,N,1.8
758,Salandit,0.0,7.0,Poison,N,3
759,Salazzle,1.0,7.0,Poison,N,2
760,Stufful,0.0,7.0,Normal,N,4
761,Bewear,1.0,7.0,Normal,N,3.4
762,Bounsweet,0.0,7.0,Grass,N,3.75
763,Steenee,1.0,7.0,Grass,N,2.3
764,Tsareena,2.0,7.0,Grass,N,2
765,Comfey,0.0,7.0,Fairy,N,3.75
766,Oranguru,0.0,7.0,Normal,N,1.5
767,Passimian,0.0,7.0,Fighting,N,2.5
768,Wimpod,0.0,7.0,Bug,N,1.75
769,Golisopod,1.0,7.0,Bug,N,2.8
770,Sandygast,0.0,7.0,Ghost,N,2.75
771,Palossand,1.0,7.0,Ghost,N,3.2
772,Pyukumuku,0.0,7.0,Water,N,3
773,Type: Null,0.0,7.0,Normal,Y,3.8
774,Silvally,1.0,7.0,Normal,Y,3.6
775,Minior,0.0,7.0,Rock,N,4.13
776,Komala,0.0,7.0,Normal,N,3
777,Turtonator,0.0,7.0,Fire,N,2.5
778,Togedemaru,0.0,7.0,Electric,N,3.75
779,Mimikyu,0.0,7.0,Ghost,N,4.6
780,Bruxish,0.0,7.0,Water,N,1
781,Drampa,0.0,7.0,Normal,N,3
782,Dhelmise,0.0,7.0,Ghost,N,1.5
783,Jangmo-o,0.0,7.0,Dragon,N,4
784,Hakamo-o,1.0,7.0,Dragon,N,3.2
785,Kommo-o,2.0,7.0,Dragon,N,3.8
786,Tapu Koko,0.0,7.0,Electric,Y,3.6
787,Tapu Lele,0.0,7.0,Psychic,Y,3.6
788,Tapu Bulu,0.0,7.0,Grass,Y,2.8
789,Tapu Fini,0.0,7.0,Water,Y,3.6
790,Cosmog,0.0,7.0,Psychic,Y,5
791,Cosmoem,1.0,7.0,Psychic,Y,4
792,Solgaleo,2.0,7.0,Psychic,Y,5
793,Lunala,2.0,7.0,Psychic,Y,4.2
794,Nihilego,0.0,7.0,Rock,Y,4
795,Buzzwole,0.0,7.0,Bug,Y,2.1
796,Pheromosa,0.0,7.0,Bug,Y,2.1
797,Xurkitree,0.0,7.0,Electric,Y,2
798,Celesteela,0.0,7.0,Steel,Y,1.2
799,Kartana,0.0,7.0,Grass,Y,3.8
800,Guzzlord,0.0,7.0,Dark,Y,1.8
801,Necrozma,0.0,7.0,Psychic,Y,3.5
802,Magearna,0.0,7.0,Steel,Y,3.75
803,Marshadow,0.0,7.0,Fighting,Y,4.3
804,Poipole,0.0,7.0,Poison,Y,3.4
805,Naganadel,1.0,7.0,Poison,Y,2.2
806,Stakataka,0.0,7.0,Rock,Y,2.6
807,Blacephalon,0.0,7.0,Fire,Y,2
808,Zeraora,0.0,7.0,Electric,Y,3.8
809,Meltan,0.0,7.0,Steel,Y,4
810,Melmetal,1.0,7.0,Steel,Y,3.17
811,Grookey,0.0,8.0,Grass,N,2.63
812,Thwackey,1.0,8.0,Grass,N,1.6
813,Rillaboom,2.0,8.0,Grass,N,2
814,Scorbunny,0.0,8.0,Fire,N,3.75
815,Raboot,1.0,8.0,Fire,N,3.6
816,Cinderace,2.0,8.0,Fire,N,3.6
817,Sobble,0.0,8.0,Water,N,4.25
818,Drizzile,1.0,8.0,Water,N,1.7
819,Inteleon,2.0,8.0,Water,N,2.9
820,Skwovet,0.0,8.0,Normal,N,3.25
821,Greedent,1.0,8.0,Normal,N,2.7
822,Rookidee,0.0,8.0,Flying,N,3.75
823,Corvisquire,1.0,8.0,Flying,N,4
824,Corviknight,2.0,8.0,Flying,N,4.7
825,Blipbug,0.0,8.0,Bug,N,1.5
826,Dottler,1.0,8.0,Bug,N,1.9
827,Orbeetle,2.0,8.0,Bug,N,1.5
828,Nickit,0.0,8.0,Dark,N,3.75
829,Thievul,1.0,8.0,Dark,N,3.3
830,Gossifleur,0.0,8.0,Grass,N,2.5
831,Eldegoss,1.0,8.0,Grass,N,2.2
832,Wooloo,0.0,8.0,Normal,N,4.25
833,Dubwool,1.0,8.0,Normal,N,3.2
834,Chewtle,0.0,8.0,Water,N,2.88
835,Drednaw,1.0,8.0,Water,N,3.9
836,Yamper,0.0,8.0,Electric,N,5
837,Boltund,1.0,8.0,Electric,N,3.8
838,Rolycoly,0.0,8.0,Rock,N,2
839,Carkol,1.0,8.0,Rock,N,1.6
840,Coalossal,2.0,8.0,Rock,N,1
841,Applin,0.0,8.0,Grass,N,3.13
842,Flapple,1.0,8.0,Grass,N,3.3
843,Appletun,1.0,8.0,Grass,N,3.4
844,Silicobra,0.0,8.0,Ground,N,1.75
845,Sandaconda,1.0,8.0,Ground,N,1
846,Cramorant,0.0,8.0,Flying,N,1.75
847,Arrokuda,0.0,8.0,Water,N,2.25
848,Barraskewda,1.0,8.0,Water,N,2
849,Toxel,0.0,8.0,Electric,N,2.5
850,Toxtricity,1.0,8.0,Electric,N,3.2
851,Sizzlipede,0.0,8.0,Fire,N,2.75
852,Centiskorch,1.0,8.0,Fire,N,2.8
853,Clobbopus,0.0,8.0,Fighting,N,4.25
854,Grapploct,1.0,8.0,Fighting,N,2.5
855,Sinistea,0.0,8.0,Ghost,N,2.75
856,Polteageist,1.0,8.0,Ghost,N,3.1
857,Hatenna,0.0,8.0,Psychic,N,3.75
858,Hattrem,1.0,8.0,Psychic,N,3.8
859,Hatterene,2.0,8.0,Psychic,N,2.4
860,Impidimp,0.0,8.0,Dark,N,1.5
861,Morgrem,1.0,8.0,Dark,N,1.25
862,Grimmsnarl,2.0,8.0,Dark,N,1.4
863,Obstagoon,2.0,8.0,Dark,N,3
864,Perrserker,2.0,8.0,Steel,N,2.2
865,Cursola,1.0,8.0,Ghost,N,3.4
866,Sirfetch'd,1.0,8.0,Fighting,N,3.7
867,Mr. Rime,2.0,8.0,Ice,N,2
868,Runerigus,1.0,8.0,Ground,N,3.2
869,Milcery,0.0,8.0,Fairy,N,3.63
870,Alcremie,1.0,8.0,Fairy,N,3.8
871,Falinks,0.0,8.0,Fighting,N,2.5
872,Pincurchin,0.0,8.0,Electric,N,2.5
873,Snom,0.0,8.0,Ice,N,4
874,Frosmoth,1.0,8.0,Ice,N,2.7
875,Stonjourner,0.0,8.0,Rock,N,1.75
876,Eiscue,0.0,8.0,Ice,N,2.25
877,Indeedee,0.0,8.0,Psychic,N,2.25
878,Morpeko,0.0,8.0,Electric,N,4
879,Cufant,0.0,8.0,Steel,N,2.5
880,Copperajah,1.0,8.0,Steel,N,3.3
881,Dracozolt,0.0,8.0,Electric,N,2.75
882,Arctozolt,0.0,8.0,Electric,N,3.25
883,Dracovish,0.0,8.0,Water,N,2.25
884,Arctovish,0.0,8.0,Water,N,2.75
885,Duraludon,0.0,8.0,Steel,N,2
886,Dreepy,0.0,8.0,Dragon,N,4.25
887,Drakloak,1.0,8.0,Dragon,N,4.25
888,Dragapult,2.0,8.0,Dragon,N,4.5
889,Zacian,0.0,8.0,Fairy,Y,4.6
890,Zamazenta,0.0,8.0,Fighting,Y,4.6
891,Eternatus,0.0,8.0,Poison,Y,3.2
892,Kubfu,0.0,8.0,Fighting,Y,3
893,Urshifu,0.0,8.0,Fighting,Y,4.2
894,Zarude,0.0,8.0,Dark,Y,1.25
895,Regieleki,0.0,8.0,Electric,Y,3.9
896,Regidrago,0.0,8.0,Dragon,Y,4.1
897,Glastrier,0.0,8.0,Ice,Y,3.2
898,Spectrier,0.0,8.0,Ghost,Y,3.4
899,Calyrex,0.0,8.0,Psychic,Y,2.6
900,Wyrdeer,1.0,8.0,Normal,N,3.2
901,Kleavor,1.0,8.0,Bug,N,1.4
902,Ursaluna,2.0,8.0,Ground,N,4
903,Basculegion,1.0,8.0,Water,N,4
904,Sneasler,1.0,8.0,Fighting,N,1.6
905,Overqwil,1.0,8.0,Dark,N,2.2
906,Enamorus,0.0,8.0,Fairy,Y,3
907,Sprigatito,0.0,9.0,Grass,N,4.5
908,Floragato,1.0,9.0,Grass,N,3.63
909,Meowscarada,2.0,9.0,Grass,N,3.63
910,Fuecoco,0.0,9.0,Fire,N,4
911,Crocalor,1.0,9.0,Fire,N,1.88
912,Skeledirge,2.0,9.0,Fire,N,3.63
913,Quaxly,0.0,9.0,Water,N,3.33
914,Quaxwell,1.0,9.0,Water,N,2.25
915,Quaquaval,2.0,9.0,Water,N,1.75
916,Lechonk,0.0,9.0,Normal,N,2.67
917,Oinkologne,1.0,9.0,Normal,N,1.75
918,Tarountula,0.0,9.0,Bug,N,2.83
919,Spidops,1.0,9.0,Bug,N,1.75
920,Nymble,0.0,9.0,Bug,N,3
921,Lokix,1.0,9.0,Bug,N,1.5
922,Pawmi,0.0,9.0,Electric,N,4.83
923,Pawmo,1.0,9.0,Electric,N,4.88
924,Pawmot,2.0,9.0,Electric,N,3.38
925,Tandemaus,0.0,9.0,Normal,N,4
926,Maushold,1.0,9.0,Normal,N,4
927,Fidough,0.0,9.0,Fairy,N,4.17
928,Dachsbun,1.0,9.0,Fairy,N,3.63
929,Smoliv,0.0,9.0,Grass,N,3
930,Dolliv,1.0,9.0,Grass,N,3.38
931,Arboliva,2.0,9.0,Grass,N,2.88
932,Squawkabilly,0.0,9.0,Normal,N,2
933,Nacli,0.0,9.0,Rock,N,2.17
934,Naclstack,1.0,9.0,Rock,N,1.5
935,Garganacl,2.0,9.0,Rock,N,1.38
936,Charcadet,0.0,9.0,Fire,N,3.5
937,Armarouge,1.0,9.0,Fire,N,3.75
938,Ceruledge,1.0,9.0,Fire,N,3.25
939,Tadbulb,0.0,9.0,Electric,N,3
940,Bellibolt,1.0,9.0,Electric,N,2.75
941,Wattrel,0.0,9.0,Electric,N,3.5
942,Kilowattrel,1.0,9.0,Electric,N,2.5
943,Maschiff,0.0,9.0,Dark,N,2.33
944,Mabosstiff,1.0,9.0,Dark,N,3.75
945,Shroodle,0.0,9.0,Poison,N,1.17
946,Grafaiai,1.0,9.0,Poison,N,2.88
947,Bramblin,0.0,9.0,Grass,N,2.67
948,Brambleghast,1.0,9.0,Grass,N,1.63
949,Toedscool,0.0,9.0,Ground,N,4
950,Toedscruel,1.0,9.0,Ground,N,4.13
951,Klawf,0.0,9.0,Rock,N,1.67
952,Capsakid,0.0,9.0,Grass,N,1.67
953,Scovillain,1.0,9.0,Grass,N,1.88
954,Rellor,0.0,9.0,Bug,N,1
955,Rabsca,1.0,9.0,Bug,N,3
956,Flittle,0.0,9.0,Psychic,N,3
957,Espathra,1.0,9.0,Psychic,N,3.75
958,Tinkatink,0.0,9.0,Fairy,N,4.33
959,Tinkatuff,1.0,9.0,Fairy,N,4.38
960,Tinkaton,2.0,9.0,Fairy,N,4.63
961,Wiglett,0.0,9.0,Water,N,4
962,Wugtrio,1.0,9.0,Water,N,4.25
963,Bombirdier,0.0,9.0,Flying,N,3
964,Finizen,0.0,9.0,Water,N,4
965,Palafin,1.0,9.0,Water,N,3.5
966,Varoom,0.0,9.0,Steel,N,1.67
967,Revavroom,1.0,9.0,Steel,N,1
968,Cyclizar,0.0,9.0,Dragon,N,3.67
969,Orthworm,0.0,9.0,Steel,N,1.33
970,Glimmet,0.0,9.0,Rock,N,2
971,Glimmora,1.0,9.0,Rock,N,1.33
972,Greavard,0.0,9.0,Ghost,N,4
973,Houndstone,1.0,9.0,Ghost,N,2.25
974,Flamigo,0.0,9.0,Flying,N,3
975,Cetoddle,0.0,9.0,Ice,N,3.67
976,Cetitan,1.0,9.0,Ice,N,2.25
977,Veluza,0.0,9.0,Water,N,2.83
978,Dondozo,0.0,9.0,Water,N,3.67
979,Tatsugiri,0.0,9.0,Dragon,N,5
980,Annihilape,0.0,9.0,Fighting,N,1.75
981,Clodsire,0.0,9.0,Poison,N,4.5
982,Farigiraf,0.0,9.0,Normal,N,2.5
983,Dudunsparce,0.0,9.0,Normal,N,2.13
984,Kingambit,0.0,9.0,Dark,N,1.63
985,Great Tusk,0.0,9.0,Ground,N,4
986,Scream Tail,0.0,9.0,Fairy,N,2.67
987,Brute Bonnet,0.0,9.0,Grass,N,2.67
988,Flutter Mane,0.0,9.0,Ghost,N,3.67
989,Slither Wing,0.0,9.0,Bug,N,3.83
990,Sandy Shocks,0.0,9.0,Electric,N,2.67
991,Iron Treads,0.0,9.0,Ground,N,1
992,Iron Bundle,0.0,9.0,Ice,N,1
993,Iron Hands,0.0,9.0,Fighting,N,2.5
994,Iron Jugulis,0.0,9.0,Dark,N,2.5
995,Iron Moth,0.0,9.0,Fire,N,3.5
996,Iron Thorns,0.0,9.0,Rock,N,1.67
997,Frigibax,0.0,9.0,Dragon,N,2.83
998,Arctibax,1.0,9.0,Dragon,N,4.13
999,Baxcalibur,2.0,9.0,Dragon,N,3.88
1000,Gimmighoul,0.0,9.0,Ghost,N,2.33
1001,Gholdengo,1.0,9.0,Steel,Y,2.5
1002,Wo-Chien,0.0,9.0,Dark,Y,3.5
1003,Chien-Pao,0.0,9.0,Dark,Y,5
1004,Ting-Lu,0.0,9.0,Dark,Y,3
1005,Chi-Yu,0.0,9.0,Dark,Y,4.88
1006,Roaring Moon,0.0,9.0,Dragon,N,4.5
1007,Iron Valiant,0.0,9.0,Fairy,N,2.67
1008,Koraidon,0.0,9.0,Fighting,Y,4.63
1009,Miraidon,0.0,9.0,Electric,Y,2.67
1010,Walking Wake,0.0,9.0,Water,N,4
1011,Iron Leaves,0.0,9.0,Grass,N,2.67
1012,Dipplin,0.0,9.0,Grass,N,3.67
1013,Poltchageist,0.0,9.0,Grass,N,3
1014,Sinistcha,1.0,9.0,Grass,N,3.75
1015,Okidogi,0.0,9.0,Poison,Y,1.67
1016,Munkidori,0.0,9.0,Poison,Y,1.5
1017,Fezandipiti,0.0,9.0,Poison,Y,2.67
1018,Ogerpon,0.0,9.0,Grass,Y,4
1019,Archaludon,0.0,9.0,Steel,N,2.75
1020,Hydrapple,0.0,9.0,Grass,N,4.25
1021,Gouging Fire,0.0,9.0,Fire,N,4
1022,Raging Bolt,0.0,9.0,Electric,N,2.33
1023,Iron Boulder,0.0,9.0,Rock,N,2
1024,Iron Crown,0.0,9.0,Steel,N,3
1025,Terapagos,0.0,9.0,Normal,Y,3.67
1026,Pecharunt,0.0,9.0,Poison,N,2
